{
  "node_probs": {
    "ceo_resign__do_nothing": {
      "mean": 0.9612,
      "sd": 0.015051910177781437,
      "median": 0.95,
      "q05": 0.95,
      "q95": 0.98,
      "draws": [
        0.95,
        0.95,
        0.95,
        0.98,
        0.95,
        0.95,
        0.95,
        0.95,
        0.94,
        0.95,
        0.97,
        0.95,
        0.95,
        0.98,
        0.95,
        0.95,
        0.95,
        0.95,
        0.95,
        0.98,
        0.99,
        0.98,
        0.95,
        0.98,
        0.95,
        0.95,
        0.95,
        0.98,
        0.98,
        0.98,
        0.95,
        0.95,
        0.98,
        0.97,
        0.98,
        0.95,
        0.95,
        0.98,
        0.95,
        0.98,
        0.95,
        0.95,
        0.98,
        0.98,
        0.95,
        0.99,
        0.95,
        0.98,
        0.95,
        0.95
      ]
    },
    "ceo_resign__review": {
      "mean": 0.9212,
      "sd": 0.02312055362658945,
      "median": 0.9,
      "q05": 0.9,
      "q95": 0.95,
      "draws": [
        0.9,
        0.9,
        0.9,
        0.95,
        0.9,
        0.9,
        0.9,
        0.93,
        0.9,
        0.93,
        0.95,
        0.9,
        0.94,
        0.95,
        0.9,
        0.9,
        0.9,
        0.9,
        0.9,
        0.96,
        0.95,
        0.95,
        0.93,
        0.95,
        0.9,
        0.9,
        0.9,
        0.95,
        0.93,
        0.95,
        0.9,
        0.92,
        0.94,
        0.93,
        0.95,
        0.9,
        0.9,
        0.95,
        0.9,
        0.95,
        0.9,
        0.9,
        0.95,
        0.95,
        0.9,
        0.95,
        0.9,
        0.95,
        0.9,
        0.9
      ]
    },
    "ceo_stay__do_nothing": {
      "mean": 0.9892000000000002,
      "sd": 0.00271293199325011,
      "median": 0.99,
      "q05": 0.98,
      "q95": 0.99,
      "draws": [
        0.99,
        0.99,
        0.99,
        0.99,
        0.98,
        0.99,
        0.99,
        0.99,
        0.98,
        0.99,
        0.99,
        0.99,
        0.99,
        0.99,
        0.99,
        0.99,
        0.99,
        0.99,
        0.98,
        0.99,
        0.99,
        0.99,
        0.99,
        0.99,
        0.99,
        0.99,
        0.99,
        0.99,
        0.99,
        0.99,
        0.99,
        0.98,
        0.99,
        0.99,
        0.99,
        0.99,
        0.99,
        0.99,
        0.99,
        0.99,
        0.99,
        0.99,
        0.99,
        0.99,
        0.99,
        0.99,
        0.99,
        0.99,
        0.99,
        0.99
      ]
    },
    "ceo_stay__review": {
      "mean": 0.9462,
      "sd": 0.014267445461609428,
      "median": 0.95,
      "q05": 0.9245000000000001,
      "q95": 0.97,
      "draws": [
        0.95,
        0.95,
        0.94,
        0.94,
        0.93,
        0.95,
        0.95,
        0.94,
        0.95,
        0.95,
        0.93,
        0.97,
        0.96,
        0.94,
        0.93,
        0.95,
        0.95,
        0.95,
        0.92,
        0.94,
        0.95,
        0.93,
        0.96,
        0.93,
        0.95,
        0.94,
        0.94,
        0.92,
        0.95,
        0.97,
        0.95,
        0.94,
        0.95,
        0.95,
        0.97,
        0.97,
        0.9,
        0.96,
        0.97,
        0.95,
        0.95,
        0.95,
        0.94,
        0.93,
        0.95,
        0.93,
        0.97,
        0.94,
        0.96,
        0.95
      ]
    },
    "ceo_stay__board_forces_exit": {
      "mean": 0.8938000000000001,
      "sd": 0.032734691078426276,
      "median": 0.9,
      "q05": 0.85,
      "q95": 0.93,
      "draws": [
        0.88,
        0.88,
        0.88,
        0.9,
        0.99,
        0.93,
        0.85,
        0.9,
        0.89,
        0.9,
        0.9,
        0.88,
        0.9,
        0.92,
        0.85,
        0.9,
        0.85,
        0.87,
        0.85,
        0.9,
        0.9,
        0.92,
        0.9,
        0.92,
        0.85,
        0.88,
        0.88,
        0.9,
        0.9,
        0.92,
        0.9,
        0.9,
        0.9,
        0.9,
        0.9,
        0.92,
        0.9,
        0.93,
        0.99,
        0.93,
        0.85,
        0.8,
        0.92,
        0.9,
        0.85,
        0.9,
        0.85,
        0.9,
        0.88,
        0.88
      ]
    }
  },
  "p_floor": {
    "mean": 0.9228000000000001,
    "sd": 0.013272528018429654,
    "draws": [
      0.93,
      0.93,
      0.9,
      0.93,
      0.9,
      0.92,
      0.93,
      0.93,
      0.93,
      0.9,
      0.93,
      0.93,
      0.93,
      0.93,
      0.93,
      0.95,
      0.93,
      0.93,
      0.9,
      0.93,
      0.93,
      0.9,
      0.9,
      0.9,
      0.9,
      0.93,
      0.93,
      0.93,
      0.93,
      0.93,
      0.9,
      0.92,
      0.93,
      0.93,
      0.93,
      0.93,
      0.93,
      0.93,
      0.93,
      0.93,
      0.9,
      0.93,
      0.93,
      0.9,
      0.9,
      0.93,
      0.93,
      0.93,
      0.93,
      0.93
    ]
  },
  "p_absolute_floor": {
    "mean": 0.8515999999999999,
    "sd": 0.006437390775772438,
    "draws": [
      0.85,
      0.85,
      0.85,
      0.85,
      0.85,
      0.85,
      0.85,
      0.85,
      0.85,
      0.85,
      0.85,
      0.85,
      0.85,
      0.85,
      0.85,
      0.85,
      0.85,
      0.85,
      0.85,
      0.85,
      0.87,
      0.85,
      0.85,
      0.85,
      0.85,
      0.85,
      0.85,
      0.85,
      0.85,
      0.85,
      0.85,
      0.85,
      0.85,
      0.85,
      0.85,
      0.85,
      0.85,
      0.85,
      0.85,
      0.88,
      0.85,
      0.85,
      0.85,
      0.85,
      0.85,
      0.85,
      0.85,
      0.85,
      0.85,
      0.88
    ]
  },
  "n_valid": 50,
  "n_draws": 50,