{
  "node_ranges": {
    "ceo_resign__do_nothing": {
      "low": 0.9,
      "best": 0.95,
      "high": 0.99,
      "sd": 0.014119490075778245
    },
    "ceo_resign__review": {
      "low": 0.9,
      "best": 0.95,
      "high": 0.99,
      "sd": 0.015232859219463659
    },
    "ceo_stay__do_nothing": {
      "low": 0.93,
      "best": 0.98,
      "high": 0.99,
      "sd": 0.00858137518116998
    },
    "ceo_stay__review": {
      "low": 0.9,
      "best": 0.95,
      "high": 0.99,
      "sd": 0.01505855238726483
    },
    "ceo_stay__board_forces_exit": {
      "low": 0.85,
      "best": 0.935,
      "high": 0.99,
      "sd": 0.02800071427660371
    }
  },
  "p_floor": {
    "mean": 0.9268000000000001,
    "sd": 0.008109253973085317,
    "draws": [
      0.93,
      0.93,
      0.93,
      0.93,
      0.93,
      0.93,
      0.93,
      0.92,
      0.93,
      0.93,
      0.93,
      0.93,
      0.95,
      0.93,
      0.93,
      0.91,
      0.93,
      0.93,
      0.93,
      0.93,
      0.93,
      0.91,
      0.93,
      0.93,
      0.92,
      0.93,
      0.93,
      0.92,
      0.93,
      0.93,
      0.9,
      0.93,
      0.93,
      0.93,
      0.93,
      0.92,
      0.92,
      0.93,
      0.93,
      0.92,
      0.93,
      0.9,
      0.93,
      0.92,
      0.92,
      0.93,
      0.93,
      0.93,
      0.93,
      0.93
    ]
  },
  "p_absolute_floor": {
    "mean": 0.8512000000000001,
    "sd": 0.02627850832905093,
    "draws": [
      0.85,
      0.9,
      0.85,
      0.88,
      0.88,
      0.85,
      0.88,
      0.87,
      0.85,
      0.85,
      0.85,
      0.85,
      0.85,
      0.8,
      0.88,
      0.85,
      0.8,
      0.8,
      0.88,
      0.88,
      0.88,
      0.85,
      0.88,
      0.8,
      0.85,
      0.88,
      0.8,
      0.85,
      0.88,
      0.85,
      0.85,
      0.85,
      0.8,
      0.85,
      0.8,
      0.85,
      0.85,
      0.85,
      0.8,
      0.85,
      0.85,
      0.85,
      0.88,
      0.85,
      0.85,
      0.88,
      0.85,
      0.85,
      0.85,
      0.88
    ]
  },
  "n_valid": 50,
  "reasonings": [
    "Given the severity of the governance crisis and historical trends in similar situations, the probabilities reflect a strong likelihood of recommending a strike. Node 1 captures a minimal expected strike, while Node 2 reaches the maximum historical strike rate due to board action. Node 3 assumes low accountability from the board leading to moderate strike probability, and Node 4 acknowledges forward-looking actions but harsh realities of unchanged pay. Node 5's forced exit indicates a stronger stance, but pay structure remains unchanged, leading to a high but not maximum probability.",
    "The Qantas crisis presents severe governance issues, ensuring a high strike recommendation probability throughout. In Node 1, with the CEO resigning and no further action from the board, the likelihood of a strike remains high at close to the historical base rate. Node 2 shows a slight mitigation due to the review but still warrants a strong strike recommendation, as the pay structure is unchanged. Node 3 is the worst-case scenario, likely leading to a universally recommended strike. Node 4 provides some initiative from the board, though the lack of accountability in retaining the CEO keeps the strike probability elevated. Node 5 is the strongest scenario of accountability, maintaining very high recommended strike probabilities but limited by unchanged remuneration.",
    "Given the severe governance crisis at Qantas, all scenarios are expected to yield high probabilities of recommending a strike. The resignation of the CEO (Node 1) still leads to a likely strike since there's no remedial action from the Board. For Node 2, the additional governance review increases the potential for a slightly lower strike probability, but it remains high given no structural changes. Node 3 presents the worst situation for ASA, maintaining the urgency for a strike despite no change in leadership. Scenarios that involve the CEO's departure or a forced exit by the Board show the higher likelihood of a strike due to perceived accountability.",
    "Given the severity of the crisis at Qantas and varying levels of board response, the expectations for a strike recommendation are calibrated towards a high baseline. For scenarios where the CEO resigned without further action (Node 1), the low end is set high due to the past behaviour despite some uncertainty on the continuation of a pay structure. Node 2 shows a modest improvement due to the review commissioned, while Nodes 3 and 4 reflect the risk of negative perception. Node 5, where the board acted to force a departure, still ties back to the unchanged remuneration structure, explaining a lower range.",
    "In node 1, the resignation alone does not mitigate the substantial governance issues tied to the FY23 pay structure, hence a very high strike probability remains. Node 2 reflects a stronger response but does not alter the retrospective remuneration vote; thus it remains very high as well. Node 3, with the worst-case scenario, is slightly lower, but still indicative of a strong likelihood of a strike. Node 4 is slightly more moderated due to the review, while node 5 sees a stronger action with possible clawbacks, pushing the strike recommendation probability to the top end of the scale."
  ]
}