{
  "T": 36,
  "shock": [
    -0.062286592200329574,
    -0.5875897224438201,
    0.5917874174455916,
    -0.7537943582283806,
    0.7941367026672654,
    0.23663550547394657,
    0.030645458258894066,
    1.3716492992331746,
    -1.256768062346867,
    1.04307467542202,
    -1.6522872549615786,
    -1.2956445543553572,
    0.12461242682251536,
    0.6226433879601219,
    0.008076069350400257,
    -0.9236908988802414,
    0.8135434428294401,
    0.028753227538993516,
    -0.4382248173581362,
    0.5282645972464544,
    -0.44356313090994015,
    -0.16919200168963755,
    1.8807876244128374,
    -0.22563453639380004,
    -0.28993365299097207,
    -0.2060956680378152,
    -2.6320357588445673,
    2.422615670330947,
    -1.4011676584821755,
    0.41658892770430717,
    -0.9018898998599038,
    1.4059830052676412,
    -0.40881522760026484,
    0.15574811468001584,
    0.30937150406252584,
    0.8636967388766942
  ],
  "abret": [
    0.04579712677573129,
    1.9860521582000623,
    -1.664046737419625,
    -1.1256403775752968,
    1.336154832280758,
    -0.041921030200163835,
    -0.9707284049995316,
    -1.0321209814277919,
    -0.5076521432875589,
    -0.4025974451631517,
    1.1555714618324182,
    1.9890340744378756,
    -0.8157422670607154,
    -0.6472772959549591,
    -0.5757764637696571,
    0.4151249945709659,
    0.6522333149870696,
    -0.6463679677646208,
    1.1704930532025803,
    0.27170690201366293,
    -1.4403506065477845,
    -0.6499922192311929,
    2.0981564271391457,
    0.43194955335797586,
    1.182888281423965,
    -0.04798227510578398,
    0.028239513834137586,
    -0.2452839786685526,
    0.6655096452344037,
    0.6183259628702135,
    -0.35080458548072796,
    0.606375155421681,
    -1.2668862511092305,
    0.26426878028465656,
    -1.193938003642482,
    -1.2927722034584763
  ],
  "shock_mean": 0.007838846263888895,
  "shock_sd": 0.1258512624784025,
  "abret_mean": 2.6984587404083666e-18,
  "abret_sd": 0.0700295673997637,
  "N_rem": 3,
  "rem_idx": [
    1,
    14,
    26
  ],
  "rem_obs": [
    0.0893,
    0.0999,
    0.0938
  ],
  "N_chair": 1,
  "chair_idx": [
    26
  ],
  "chair_obs": [
    0.0204
  ]
}