{
  "T": 59,
  "eps": 1e-06,
  "t_scaled": [
    -1.0,
    -0.9655172413793104,
    -0.9310344827586207,
    -0.896551724137931,
    -0.8620689655172413,
    -0.8275862068965517,
    -0.7931034482758621,
    -0.7586206896551724,
    -0.7241379310344828,
    -0.6896551724137931,
    -0.6551724137931034,
    -0.6206896551724138,
    -0.5862068965517242,
    -0.5517241379310345,
    -0.5172413793103448,
    -0.4827586206896551,
    -0.4482758620689655,
    -0.4137931034482759,
    -0.3793103448275862,
    -0.3448275862068966,
    -0.3103448275862069,
    -0.2758620689655172,
    -0.2413793103448276,
    -0.2068965517241379,
    -0.1724137931034483,
    -0.1379310344827587,
    -0.103448275862069,
    -0.06896551724137934,
    -0.03448275862068961,
    0.0,
    0.03448275862068972,
    0.06896551724137923,
    0.103448275862069,
    0.1379310344827587,
    0.1724137931034482,
    0.2068965517241379,
    0.2413793103448276,
    0.2758620689655173,
    0.3103448275862069,
    0.3448275862068966,
    0.3793103448275863,
    0.4137931034482758,
    0.4482758620689655,
    0.4827586206896552,
    0.5172413793103448,
    0.5517241379310345,
    0.5862068965517242,
    0.6206896551724137,
    0.6551724137931034,
    0.6896551724137931,
    0.7241379310344827,
    0.7586206896551724,
    0.7931034482758621,
    0.8275862068965518,
    0.8620689655172413,
    0.896551724137931,
    0.9310344827586208,
    0.9655172413793103,
    1.0
  ],
  "N_y": 46,
  "y_idx": [
    1,
    2,
    4,
    8,
    10,
    12,
    13,
    16,
    19,
    20,
    21,
    22,
    23,
    24,
    25,
    26,
    27,
    28,
    29,
    30,
    31,
    32,
    35,
    36,
    37,
    38,
    40,
    41,
    42,
    43,
    44,
    45,
    46,
    47,
    48,
    49,
    50,
    51,
    52,
    53,
    54,
    55,
    56,
    57,
    58,
    59
  ],
  "y_obs": [
    2.7726,
    2.0794,
    2.0794,
    11.4698,
    12.2508,
    2.0794,
    2.7726,
    2.7726,
    4.1589,
    6.4739,
    4.852,
    4.1589,
    16.5535,
    13.693,
    12.8323,
    12.241,
    2.0794,
    13.1698,
    5.5452,
    7.3109,
    4.1589,
    11.1782,
    11.9829,
    22.4163,
    15.367,
    16.9228,
    10.0835,
    17.5617,
    14.5561,
    11.3259,
    16.178,
    7.6246,
    0.6931,
    21.9226,
    19.408,
    21.2294,
    14.7917,
    15.4612,
    16.6355,
    5.1137,
    9.3903,
    3.2958,
    12.241,
    11.7835,
    17.7862,
    11.9278
  ]
}